{
    // Use IntelliSense to learn about possible attributes.
    // Hover to view descriptions of existing attributes.
    // For more information, visit: https://go.microsoft.com/fwlink/?linkid=830387
    "version": "0.2.0",
    "configurations": [
        {
            "name": "Attach to Chrome",
            "port": 9222,
            "request": "attach",
            "type": "pwa-chrome",
            "webRoot": "${workspaceFolder}"
        },
        {
            "name": "Launch Chrome",
            "request": "launch",
            "type": "pwa-chrome",
            "url": "http://localhost:8080",
            "webRoot": "${workspaceFolder}"
        },
        {
            "name": "Connect to server",
            "type": "go",
            "request": "attach",
            "mode": "remote",
            "remotePath": "${workspaceFolder}",
            "port": 2345,
            "host": "127.0.0.1"
        },
        {
            "name": "Launch.json",
            "request": "launch",
            "type": "pwa-chrome",
            "url": "http://localhost:8080",
            "webRoot": "${workspaceFolder}"
        },
        {
            "name": "Attach to Chrome",
            "port": 9222,
            "request": "attach",
            "type": "pwa-chrome",
            "webRoot": "${workspaceFolder}"
        },
        {
            "type": "pwa-chrome",
            "request": "launch",
            "name": "Launch Chrome against localhost",
            "url": "http://localhost:8080",
            "webRoot": "${workspaceFolder}"
        }
    ]
}